title,price,location,url,keywords
Quikrete Concrete Mix 60 lb,$7.99 ,ACE Hardware,https://www.acehardware.com/departments/building-supplies/concrete-cement-and-masonry/ready-mix-concrete/52375,concrete
Quikrete Fast Setting Concrete Mix 50 lb Gray,$11.99 ,ACE Hardware,https://www.acehardware.com/departments/building-supplies/concrete-cement-and-masonry/ready-mix-concrete/52376,concrete
Quikrete Mortar Mix 60 lb,$9.99 ,ACE Hardware,https://www.acehardware.com/departments/building-supplies/concrete-cement-and-masonry/ready-mix-concrete/52374,mortar
Alexandria Moulding 2 in. X 4 in. W X 8 ft. L Pine Stud #2/BTR Premium Grade,$7.59 ,ACE Hardware,https://www.acehardware.com/departments/building-supplies/lumber-and-trim/lumber/5072681,wood
Alexandria Moulding 2 in. X 4 in. W X 8 ft. L Pine Pressure-Treated Stud #2/BTR Premium Grade,$13.99 ,ACE Hardware,https://www.acehardware.com/departments/building-supplies/lumber-and-trim/lumber/5274188,wood
Alexandria Moulding 2 in. X 4 in. W X 6 ft. L Wood Stud #2/BTR Premium Grade,$20.99 ,ACE Hardware,https://www.acehardware.com/departments/building-supplies/lumber-and-trim/lumber/5368840,wood
Ace 1-1/2 in. Joist Hanger Hot-Dipped Galvanized Steel Nail Round Head 1 lb,$6.59 ,ACE Hardware,https://www.acehardware.com/departments/hardware/nails-and-staples/nails/5096656,nail
Ace 1 in. Roofing Electro-Galvanized Steel Nail Large Head 1 lb,$5.59 ,ACE Hardware,https://www.acehardware.com/departments/hardware/nails-and-staples/nails/5188016,nail
Ace 1-1/4 in. Roofing Electro-Galvanized Steel Nail Large Head 1 lb,$5.59 ,ACE Hardware,https://www.acehardware.com/departments/hardware/nails-and-staples/nails/5188081,nail
60-lb. Concrete Mix,$7.99 ,True Value,https://gsa.shoptruevalue.com/p/concrete-mix-039645110164,concrete
"Fast-setting Concrete Mix, 50 Lb.",$11.99 ,True Value,https://gsa.shoptruevalue.com/p/fast-setting-concrete-mix-039645100455,concrete
60-lb. Mortar Mix,$9.49 ,True Value,https://gsa.shoptruevalue.com/p/mortar-mix-039645110263,mortar
"Wood Stud, 2 X 6 In. X 8 Ft.",$19.99 ,True Value,https://gsa.shoptruevalue.com/p/wood-stud-090489805623,wood
"Wood Stud, 2 X 4 In. X 8 Ft.",$8.49 ,True Value,https://gsa.shoptruevalue.com/p/wood-stud-090489928346,wood
"Masonry Nail, Hardened Steel, Fluted Round, 1-1/2 In., 1 Lb.",$6.49 ,True Value,https://gsa.shoptruevalue.com/p/wood-stud-090489805623https://gsa.shoptruevalue.com/p/masonry-nail-hardened-steel-fluted-round-098342001908,nail
"Siding Nails, Ring-shank, Stainless Steel, 5d, 1-3/4 In., 5 Lbs.",$59.99 ,True Value,https://gsa.shoptruevalue.com/p/siding-nails-ring-shank-stainless-steel-lbs-098342713207,nail
"Trim Nails, White Stainless Steel, 1-1/4-in., 1-lb.",$13.99 ,True Value,https://gsa.shoptruevalue.com/p/trim-nails-white-stainless-steel-722147202894,nail
